{
    "identifier": "dev.maxtaraev.sn-dark-matter-theme",
    "name": "Dark Matter",
    "content_type": "SN|Theme",
    "area": "themes",
    "version": "1.0",
    "description": "A modern dark theme for Standard Notes.",
    "url": "https://cdn.jsdelivr.net/gh/MaxTaraev/standard-notes-dark-matter-theme@v1.0/main.css",
    "download_url": "https://github.com/MaxTaraev/standard-notes-dark-matter-theme/archive/refs/tags/v1.0.zip",
    "marketing_url": "https://github.com/MaxTaraev/standard-notes-dark-matter-theme",
    "thumbnail_url": "https://raw.githubusercontent.com/MaxTaraev/standard-notes-dark-matter-theme/main/preview.png",
    "latest_url": "https://raw.githubusercontent.com/MaxTaraev/standard-notes-dark-matter-theme/main/extension.json",
    "dock_icon": {
        "type": "circle",
        "background_color": "#5e3b8f",
        "foreground_color": "#dfdfe8",
        "border_color": "#dfdfe8"
    },
    "statusBar": "dark-content"
}
